Name,Address,Rooms,Grade,District,AGA Division,PS/MC/UC,Logitiute,Latitude
KIVGA HOLIDAY HOME,"4C/8 FIRST STAGE, MIHINDU MAWATHA, ANURADHAPURA",4,DELUXE,Anuradhapura,Anuradhapura,Anuradhapura East,80.416952,8.333752
VILLA SUNBIRD,"89B, WELLAMANKARAYA, OFF HUE FERNANDO MAWATHA, NAINAMADAMA",6,DELUXE,Puttalam,Polonnaruwa,Wennappuwa Divisional Secretariat,79.837662,7.306926
COMILLA BUNGALOW,"""COMILLA WATHE"" 76/5, INDURUGALLA, WATHURUGAMA",3,DELUXE,Gampaha,Gampaha,Dompe Divisional Secretariat,80.0942621,7.0566908
SANDELLE HOLIDAY RESORT,"4C/5, STAGE ONE, MIHINDU MAWATHA, ANURADHAPURA",6,STANDARD,Anuradhapura,Anuradhapura,Anuradhapura East,NULL,NULL
SACHAL MIR'S,"2-C, DUNGALPITIYA, THALAHENA, NEGAMBO",4,SUPERIOR,Gampaha,Negombo,Negombo Divisional Secretariat,79.8311,7.152417
MISTY HILLS BOUTIQUE COTTAGE,"20/23,TOP PASS, KANDY ROAD, NUWARAELIYA.(VIA SANASA RESORT)",4,DELUXE,Nuwara Eliya,Nuwara Eliya,Nuwara Eliya Divisional Secretariat,80.7458665,6.9906717
THE PIER,"NO 113/8B ,DUWAWATTA, ST PETER'S ROAD, KORALAWELLA. MORATUWA.",4,DELUXE,Colombo,Moratuwa,Moratuwa Divisional Secretariat,79.888801,6.773335
SADULA HOLIDAY RESORT,"PULLAYAR JUNCTION, MIHINTHALE ROAD, ANURADHAPURA.",5,SUPERIOR,Anuradhapura,Anuradhapura,Anuradhapura East,80.4307097,8.3538076
NETH PIYASA,"04/85, BEKKEGAMA ROAD, WALANA, PANADURA.",3,SUPERIOR,Kalutara,Kalutara Pradeshiya Sabha,Thanthirimulla,NULL,NULL
ST.ANNE S LAGOON HOUSE,"SOTHTHUPITIYA WADIYA, KALPITIYA ROAD, PALAKKUDA.",6,DELUXE,Puttalam,Kalpitiya Pradeshiya Sabha,Kalpitiya Divisional Secretariat,79.759615,8.229533
FOREST PARADISE GUEST HOME,"PASSARA ROAD, ELLA.",5,SUPERIOR,Badulla,Ella Pradeshiya Sabha,Ella Divisional Secretariat,81.05151,6.874164
MOUNT PLEASANT,"78, MISTY HILLS, WALAGEDARA, WATTAPALA, KADUGANNAWA.",3,STANDARD,Kandy,Kandy,Udunuwara Divisional Secretariat,NULL,NULL
THE RANMIN BUNGALOW,"NO.9, TUDUWA, DAMPE, PILIYANDALA.",3,SUPERIOR,Colombo,Colombo,Colombo Divisional Secretariat,79.918606,6.766099
GREEN GARDEN HOLIDAY BUNGALOW,"535/E , ANAGI MW, HORAGOLLA, NITTAMBUWA.",3,DELUXE,Gampaha,Gampaha,Gampaha Divisional Secretariat,NULL,NULL
MATHUGAMA PIYASA,"KAJUGAHAWATTA, SAMAKANDA ROAD, MATHUGAMA.",3,STANDARD,Kalutara,Mathugama Pradeshiya Sabha,Mathugama Divisional Secretariat,NULL,NULL
CLOUDS,"64,LILY AVE, HAPUTALE.",5,DELUXE,Badulla,Haputale,Haputale Divisional Secretariat,80.94992,6.7647
CASA BLANCO,"395/95, HILL CREST GREEN ,BOWALAWATTE, UDA PERADENIYA, KANDY.",4,DELUXE,Kandy,Kandy,Kandy Divisional Secretariat,80.618416,7.254844
HORAKELLE ESTATE,"BLOCK NO 2, PALLIYAPITIYA, DUNAGAHA.",9,DELUXE,Gampaha,Gampaha,Gampaha Divisional Secretariat,79.971366,7.251445
SHINE INN TOURIST BUNGALOW,"12/10, GANIHIMULLA,DEWALAPOLA.",1,STANDARD,Gampaha,Minuwangoda Pradeshiya Sabha,Minuwangoda Divisional Secretariat,NULL,NULL
ANKINDA LUXURIOUS VILLA,"293/11M, SURAMYA PLACE, GORAKAPOLA, PANADURA",4,DELUXE,Kalutara,Panadura Pradeshiya Sabha,Panadura Divisional Secretariat,79.904943,6.740224
SILVER BEACH HOTEL,"66/12, ALLES GARDEN, UPPUVELI,TRINCOMALEE",5,STANDARD,Trincomalee,Trincomalee,Trincomalee Divisional Secretariat,81.218226,8.616767
HOTEL OCEAN PARK,"101,ALLES GARDEN, SAMPALTIVU,TRINCOMALEE",7,STANDARD,Trincomalee,Trincomalee,Trincomalee Divisional Secretariat,NULL,NULL
RAMANATHAN COTTAGE,"848/A, VALAIYOOLHU,IRRAKKAKANDY, NILAVELI.",3,STANDARD,Trincomalee,Trincomalee,Trincomalee Divisional Secretariat,NULL,NULL
SAMANPAYA HOLIDAY BUNGALOW,"HELAMUDUNA, BANDARAWELA.",4,DELUXE,Badulla,Bandarawela Pradeshiya Sabha,Haputale Divisional Secretariat,80.983702,6.842848
LE GRAND MEAULNES - FAMILY HOLIDAY BUNGALOW,"""GREEN PATH"", TRINCOMALEE RD,HABARANA.",3,SUPERIOR,Anuradhapura,Anuradhapura,Anuradhapura East,80.760551,8.048284
ABERDEEN RANGE HOLIDAY HOME,"RANJIRAWA, GINIGATHHENA",3,SUPERIOR,Nuwara Eliya,Nuwara Eliya,Nuwara Eliya Divisional Secretariat,80.465755,6.996841
WASALA VILLAGE VIEW,"""WASALA"" , MULLE WATTA, ELLA GAMA, DIYATALAWA",5,SUPERIOR,Badulla,Haputale,Haputale Divisional Secretariat,NULL,NULL
CLUB LESPRI,"322,TRANQUILITY, GALAHA ROAD, NILLAMBA",6,DELUXE,Kandy,Kandy,Kandy Divisional Secretariat,80.639866,7.199854
BARAMBA,"NO.22,UPAL MAWATHA,PRIMROSE HILL,KANDY",3,DELUXE,Kandy,Kandy,Kandy Divisional Secretariat,NULL,NULL
KOSALA BUNGALOW,"""KOSALA"" URANWELA,ELPITIYA.",4,STANDARD,Galle,Galle,Galle Divisional Secretariat,NULL,NULL
BLUE LAGOON,"""BLUE LAGOON'WELLAWATTE,HIKKADUWA",3,SUPERIOR,Galle,Hikkaduwa,Hikkaduwa Divisional Secretariat,80.101595,6.147039
SENANI COLONIAL HOLIDAY BUNGALOW,"NO.80,LADY MC CALUM DRIVE,HAWAELIYA,NUWARA ELIYA",4,DELUXE,Nuwara Eliya,Nuwara Eliya,Nuwara Eliya Divisional Secretariat,80.776064,6.973548
RIVER SIDE INN FUJI,"81,CIRCULAR ROAD,OBADAWATTA,BENTOTA",4,DELUXE,Galle,Bentota Pradeshiya Sabha,Benthota Divisional Secretariat,80.007141,6.428151
ARANGA-LA,"NO.10,HOSPITAL ROAD,HOMAGAMA",3,DELUXE,Colombo,Homagama Pradeshiya Sabha,Homagama Divisional Secretariat,NULL,NULL
WESTROM VILLA,"ROBOLGODA, BENTOTA.",5,STANDARD,Galle,Bentota Pradeshiya Sabha,Benthota Divisional Secretariat,NULL,NULL
KANDY HOUSE,"NO 95,UPUL MAWATHA, ,5TH LANE,PRIMROSE GARDEN,KANDY",2,DELUXE,Kandy,Kandy,Kandy Divisional Secretariat,80.613952,7.282027
THE RANMIN LODGE,"""THE RUNMIN LODGE"",NO.12,GLENFALL LANE,NUWARA ELIYA",7,SUPERIOR,Nuwara Eliya,Nuwara Eliya,Nuwara Eliya Divisional Secretariat,NULL,NULL
LANDS END,"649/13,SK TOWN,MEDDAWATTA,MATARA",3,STANDARD,Matara,Matara,Matara Divisional Secretariat,80.570361,5.939156
COCOON HILLS,"21A,GLENFALL ROAD,NUWARA ELIYA",6,DELUXE,Nuwara Eliya,Nuwara Eliya,Nuwara Eliya Divisional Secretariat,NULL,NULL
SERENITY VILLA,"NO.14/2,AMARASENA MAWATHA,HIKKADUWA",3,STANDARD,Galle,Hikkaduwa,Hikkaduwa Divisional Secretariat,80.101597,6.139843
SPRING ACRE,"NO.495 A-4, KANDY ROAD, TOPPASS,NUWARA ELIYA",4,DELUXE,Nuwara Eliya,Nuwara Eliya,Nuwara Eliya Divisional Secretariat,80.748221,6.990897
TEA HILLS,"LYND HEAVEN , FRUIT HILL, HATTON",4,SUPERIOR,Nuwara Eliya,Nuwara Eliya,Nuwara Eliya Divisional Secretariat,80.590915,6.896988
THAMBARAVILA,"""THAMBARAVILA"",NO.44/5,5TH LANE,NAWALA ROAD,RAJAGIRIYA",2,SUPERIOR,Colombo,Kotte Muncipal Council,Kotte Divisional Secretariat,NULL,NULL
REEF EDGE RESORT,"NO 11C, BEACH ROAD , POLHENA ,MATARA",4,SUPERIOR,Matara,Matara,Matara Divisional Secretariat,80.528325,5.936969
LANKAN BRUNCH,"NO.152 ,PALLIYAWATTA ROAD, HENDALA, WATTALA",5,SUPERIOR,Gampaha,Wattala Pradeshiya Sabha,Wattala Divisional Secretariat,NULL,NULL
THE OCEAN FRONT,"14, SELLAMUTTU AVENUE, COLOMBO 3",6,DELUXE,Colombo,Colombo,Colombo Divisional Secretariat,79.8491,6.908351
RICHARDS,"NO. 08, SAMADHI MAWATHA, WELLANGOLLA ROAD, KURUNEGALA",5,STANDARD,Kurunegala,Kurunegala,Kurunegala Divisional Secretariat,NULL,NULL
MOUNTAIN GEM,"237A, SRIMATH KUDA RATWATTA MW, KANDY.",4,SUPERIOR,Kandy,Kandy,Kandy Divisional Secretariat,NULL,NULL
AVANA,"35, CHARLES PLACE, COLOMBO 3.",3,DELUXE,Colombo,Colombo,Colombo Divisional Secretariat,NULL,NULL
JASMINE HOMES,"27/1, GREENFIELD PARK, MADIWELA, KOTTE",3,DELUXE,Colombo,Colombo,Colombo Divisional Secretariat,79.92095,6.876324
CEILAO VILLAS COLOMBO,"47/1,JAWATTE ROAD, COLOMBO 5.",6,DELUXE,Colombo,Colombo,Colombo Divisional Secretariat,79.867188,6.897036
5TH LANE HOUSE,"51/1A, FIFTH LANE COLOMBO 3.",4,DELUXE,Colombo,Colombo,Colombo Divisional Secretariat,79.854306,6.904586
KIKILI HOUSE,"32, LOWER DICKSON ROAD, GALLE.",4,DELUXE,Galle,Galle,Galle Divisional Secretariat,NULL,NULL
AMAYA BUNGALOW,"258, BOWALAWATTA,KANDY",8,DELUXE,Kandy,Kandy,Kandy Divisional Secretariat,NULL,NULL
CINNAMON VILLA,"KADJUGASDUWA ESTATE,MIRISWATTA, HABURUGALA, BENTOTA.",4,SUPERIOR,Galle,Bentota Pradeshiya Sabha,Benthota Divisional Secretariat,NULL,NULL
MUTTON BUTTON,"96/21/D, RAJAPIHILLA MAWATHA, KANDY",8,DELUXE,Kandy,Kandy,Kandy Divisional Secretariat,80.644256,7.284123
CEILAO VILLAS KIRINDA,"SUDUWELIPALASSA, KATTADIWEWA, KIRINDA.",2,DELUXE,Hambantota,Hambantota,Hambantota Divisional Secretariat,81.33386,6.228375
CEILAO VILLAS KABALANA,"KABALANA, WELHENGODA, AHANGAMA.",4,DELUXE,Galle,Galle,Galle Divisional Secretariat,80.346907,5.978085
FOREST VILLA,"185B, RAJAPIHILLA MW, KANDY",5,SUPERIOR,Kandy,Kandy,Kandy Divisional Secretariat,80.643597,7.284137
VIHARAGALA ESTATE BUNGALOW,"BERAGALA KOSLANDA RD, NIKAPOTHA P.O. VIA HAPUTALE",5,DELUXE,Badulla,Haldummulla Pradeshiya Sabha,Haldummulla Divisional Secretariat,80.941688,6.760753
LA VILLA SANCTUARY,"1143/G/6, THE SANCTUARY, FOREST DRIVE, THALAWATHUGODA.",2,DELUXE,Colombo,Colombo,Colombo Divisional Secretariat,79.932122,6.879158
CLIFF HOUSE,"LABUGOLLA, HATHARALIYADDA.",4,SUPERIOR,Kandy,Kandy,Kandy Divisional Secretariat,NULL,NULL
PARADISE KANDY,"195/7A,RICHMOND HILL ESTATE, HEERASSAGALA,KANDY",5,DELUXE,Kandy,Kandy,Kandy Divisional Secretariat,80.619126,7.276424
SUNROCK,"195/1A, HEERASSAGALA ROAD, KANDY.",5,DELUXE,Kandy,Kandy,Kandy Divisional Secretariat,80.622612,7.27082
THE BLISS,"18, WIJEYA ROAD, TUDELLA, JA ELA.",5,SUPERIOR,Gampaha,Gampaha,Ja-Ela Divisional Secretariat,79.893517,7.066622
JUNGLE TIDE,"UDUWELA,HANTANE,KANDY",4,DELUXE,Kandy,Kandy,Kandy Divisional Secretariat,80.655947,7.233831
NATURES TREAT BUNGLOW,"494/4, 4TH LANE,RUWANPURA SOUTH, KALAPALALUWAWE ROAD, AGGONA JUNCTION",3,DELUXE,Colombo,Kaduwela Pradeshiya Sabha,Battaramulla,79.920741,6.914802
KANO LANKA CENTRE,"MAHATENNA ESTATE, ELKADUWA, MATALE.",10,STANDARD,Matale,N/A,Ukuwela Divisional Secretariat,80.610315,7.409476
RIVERSIDE BUNGALOW,"RIVER SIDE BUNGLOW, NO 55, PARADISE ISLAND ROAD,BENTOTA",4,DELUXE,Galle,Bentota Pradeshiya Sabha,Benthota Divisional Secretariat,NULL,NULL
LIYON LANKA,"188/1, N.J.V COORAY MAWATHA, NAWALA,RAJAGIRIYA",5,DELUXE,Colombo,Colombo,Nugegoda Divisional Secretariat,NULL,NULL
51 BUNGALOW,"51,QUINTIN FERNANDO MAWATHA,NEGOMBO",2,DELUXE,Gampaha,N/A,Negombo Divisional Secretariat,NULL,NULL
DINUDA RESORT,"PUDUKUDUERIPPU, SETHAWADI, KALPITIYA",4,STANDARD,Puttalam,Kalpitiya Pradeshiya Sabha,Kalpitiya Divisional Secretariat,79.736991,8.229038
LANDS END BUNGALOW,"YADDEHIMULLA ROAD, UNAWATUNA",7,DELUXE,Galle,Habaraduwa,Habaraduwa Divisional Secretariat,80.240342,6.008725
GREGORY'S BUNGALOW,"109, UPPER LAKE ROAD, NUWARA ELIYA",6,DELUXE,Nuwara Eliya,Nuwara Eliya,Nuwara Eliya Divisional Secretariat,80.784538,6.956362
KAHAMBE ESTATE VILLA,"73/1, KAHAMBE ESTATE, KAHAMBE, PILIMATHALAWA",4,STANDARD,Kandy,Udunuwara Pradeshiya Sabha,Udunuwara Divisional Secretariat,80.550455,7.255776
WHITE PALACE,"NO 92, GALMADUWA ESTATE, KUNDASALE",5,SUPERIOR,Kandy,Kundasle,Kundasale Divisional Secretariat,NULL,NULL
DEEN HAUS,"15/1, BEACH ROAD, MOUNTLAVINIA.",5,DELUXE,Colombo,Dehiwala-Mount Lavinia,Dehiwala Divisional Secretariat,NULL,NULL
TEARAMB HOLIDAY BUNGALOW,"38, KARAGASTHALAWA, KATUKITHULA",4,SUPERIOR,Nuwara Eliya,Wellawaya,Kothmale Divisional Secretariat,80.676164,7.074153
UVA BEN HEAD PLANTATION (UPPER) BUNGALOW,"UVA BEN HEAD ESTATE, WELIMADA",4,SUPERIOR,Badulla,Welimada Pradeshiya Sabha,Welimada Divisional Secretariat,NULL,NULL
GAGA ADDARA GUEST,"7TH MILE POST, HEPOLA, DIYAKOBBALA, BIBILE",4,STANDARD,Moneragala,Bibile,Bibile Divisional Secretariat,NULL,NULL
TRANQUILLA,"KADJUWETIYA ROAD, PELPITIGODA.",4,DELUXE,Kalutara,Pathahewaheta,Ingiriya Divisional Secretariat,NULL,NULL
AIRPORT VILLA,"LIVER BROTHER ROAD, LIYANAGEMULLA ROAD, SEEDUWA",5,DELUXE,Gampaha,Seeduwa,Katana Divisional Secretariat,79.872697,7.142227
SATORI VILLA,"KORATUWA GEDARA, MATARAMBA ROAD, UNAWATUNA, GALLE.",4,DELUXE,Galle,Akmeemana,Akmeemana Divisional Secretariat,80.271419,6.021524
GALKANDA WALAUWE,"27, WALALA, MENIKHINNA",3,SUPERIOR,Kandy,Kundasle,Kundasale Divisional Secretariat,80.687187,7.319149
HILL WAY TOUR INN,"102 1/1, RAJAPIHILLAWA MAWATHA, KANDY",5,STANDARD,Kandy,Kandy,Kandy Divisional Secretariat,80.649055,7.283988
IVORY BUNGALOW,"HASTHI LANKA, TEMPLE ROAD, GANEHIMULLA, DEVALAPOLA",4,DELUXE,Gampaha,Minuwangoda Pradeshiya Sabha,Minuwangoda Divisional Secretariat,NULL,NULL
DICK OYA BUNGALOW,"HATTON MASKELIYA ROAD, DICK OYA ESTATE, DICK OYA",4,DELUXE,Nuwara Eliya,Hatton-Dickoya,Ambagamuwa Divisional Secretariat,NULL,NULL
MANGO VILLA,"54, TEMPLERS ROAD, MOUNT LAVINIA",4,SUPERIOR,Colombo,Dehiwala-Mount Lavinia,Mount Lavinia,NULL,NULL
DEERPOINT BUNGALOW,"18/7A,SISIL SEWANA, SIRIMALWATTA, KANDY",6,SUPERIOR,Kandy,Kundasle,Kandy Divisional Secretariat,80.650061,7.300052
SERENITY LAKE FRONT VILLA,"90/15(90/13A), BILYMORIA MAWATHA, IHALA INDEBEDDA, MORATUWA",4,DELUXE,Colombo,Moratuwa,Moratuwa Divisional Secretariat,79.900295,6.77621
GALKADAWALA FOREST LODGE,"GALKADAWALA, PALUGASWEWA, HABARANA",4,DELUXE,Polonnaruwa,Palugaswewa,Palugaswewa,80.69252,8.031355
AMALI RESIDANCE,"62/10, OLD KOTTAWA ROAD, DABARE ROAD, MIRIHANA, NUGEGODA",5,DELUXE,Colombo,Kotte Muncipal Council,Sri jayawadanapura,NULL,NULL
ABEYS VILLA,"140, GALLE ROAD,PINWATTE,PANADURA",5,DELUXE,Kalutara,Panadura Pradeshiya Sabha,Kalutara Divisional Secretariat,79.918264,6.686462
KOTHMALE HOLIDAY BUNGALOW,"126, NAWA NUGAWELA, GAMPOLA",3,SUPERIOR,Nuwara Eliya,Nuwara Eliya,Kothmale Divisional Secretariat,80.592182,7.063135
PEACOCK RESIDENCE,"NIDANGALA WATTE, MALIGATENNA, 5 ELA, SHRAWASTIPURA",5,STANDARD,Anuradhapura,Anuradhapura,Anuradhapura East,80.38993,8.308446
THAMBILI BEACH HOUSE,"400, GURU KANDA, DALAWELLA, UNAWATUNA, GALLE",4,DELUXE,Galle,Habaraduwa,Habaraduwa Divisional Secretariat,NULL,NULL
PLANTATION VILLA,"PLANTATION VILLA, WATTALAYA WATTE, NEHINNA, DODANGODA",8,DELUXE,Kalutara,Kalutara Pradeshiya Sabha,Kalutara Divisional Secretariat,80.062346,6.548825
VILLA MAYURANA,"PELASSA ROAD, SANTHOSAGAMA 80650, AHANGAMA",4,DELUXE,Galle,Habaraduwa,Habaraduwa Divisional Secretariat,80.341569,6.007656
BOLGODA COTTAGE,"149, GALKANUWA ROAD, GORAKANA, KESELWATTE, MORATUWA",4,DELUXE,Kalutara,Kalutara Pradeshiya Sabha,Kalutara Divisional Secretariat,NULL,NULL
ROYAL COCOON,"2, WEDDERBURN ROAD, NUWARA ELIYA",7,DELUXE,Nuwara Eliya,Nuwara Eliya,Nuwara Eliya Divisional Secretariat,80.770444,6.968445
APSARA,"332, WELIPENNA ROAD, ALUTHGAMA",3,DELUXE,Kalutara,Aluthgama,Aluthgama,80.003386,6.433525
PASMEEGODA ESTATE BUNGALOW,"PASMEEGODA ESTATE, KOHOLANA, KALUTARA",4,STANDARD,Kalutara,Kalutara Pradeshiya Sabha,Kalutara Divisional Secretariat,79.966016,6.588994
HILL CREST VILLA,"3, HILL CREST VILLA GREEN, UDA PERADENIYA, KANDY",5,SUPERIOR,Kandy,Kandy,Gagawata,80.61694,7.257661
MANGO HOUSE,"3, LEYN BAAN CROSS STREET, GALLE FORT, GALLE",7,DELUXE,Galle,Galle,Galle Divisional Secretariat,80.218427,6.026796
THE KANDYAN VILLA,"532/30, HEERASSAGALA ROAD, HEERASSAGALA, KANDY",3,DELUXE,Kandy,Gagawata Koralya,Gagawata,80.622027,7.266516
SPLASHBUG RESIDENCIES,"42/2, WATAMAWATHA ROAD, NAWINNA, MAHARAGAMA",5,SUPERIOR,Colombo,Colombo,Maharagama Divisional Secretariat,NULL,NULL
FORT BLISS,"84, LIGHT HOUSE STREET, FORT, GALLE",4,DELUXE,Galle,Galle,Galle Divisional Secretariat,80.217201,6.024691
HERITAGE LIFE,"46/100,. KASAPAGAMA, PIDURANGALA, SIGIRIYA",3,DELUXE,Matale,Dambulla Pradeshiya Sabha,Dambulla Divisional Secretariat,NULL,NULL
1ST CHOICE,"9/1, FIRST LANE, RATMALANA, MOUNT LAVINIA",5,STANDARD,Colombo,Dehiwala-Mount Lavinia,Ratmalana Divisional Secretariat,79.875503,6.819636
VILLA BAYWATCH,"PEELA ROAD, BUONAVISTA, RUMASSALA, GALLE",6,DELUXE,Galle,Habaraduwa,Habaraduwa Divisional Secretariat,80.23837,6.016349
KETHA TOURIST BUNGALOW,"INDURUOWITA, THITHAGALLA, AHANGAMA",3,SUPERIOR,Galle,Galle,Imaduwa Divisional Secretariat,NULL,NULL
VILLA ROSA,"71/20, DODANWELA PASSAGE, ASGIRIYA, KANDY",5,DELUXE,Kandy,Kandy,Gagawata,80.623796,7.299604
AARA RESIDENCES,"9/4, DE SERAM ROAD, MOUNT LAVINIA",4,SUPERIOR,Colombo,Colombo,Colombo Divisional Secretariat,NULL,NULL
MODERN CITY INN,"426, MAIN STREET, NEGAMBO",8,SUPERIOR,Gampaha,Gampaha,Negombo Divisional Secretariat,79.844831,7.212444
MAX WADIYA,"147,GALLE ROAD, (PARROT JUNCTION), URAWATTE, AMBALANGODA",3,DELUXE,Galle,Galle,Galle Divisional Secretariat,80.057195,6.220452
LEISURE BUNGALOW,"101/18, MANIKPURAGAMA, WALLIMATAGAMA, KATARAGAMA",4,SUPERIOR,Moneragala,Katharagama,Moneragala Divisional Secretariat,NULL,NULL
BEDDEGAMA ECOPARK,"653/3, KAWANTHISSAPURA, TISSAMAHARAMA",7,DELUXE,Hambantota,Thissamaharama,Thissamaharama Divisional Secretariat,NULL,NULL
COLOMBO LOFT,"365/3, R.A DE MEL MAWATHA, COLOMBO 3",1,SUPERIOR,Colombo,Colombo,Colombo Divisional Secretariat,NULL,NULL
TAMARIND,"1/104, RAHULA MAWATHA, DIGANA",3,SUPERIOR,Kandy,Kundasle,Kundasale Divisional Secretariat,80.749437,7.265486
HILL SAFARI,"LOWER BRAY ESTATE, OHIYA",5,STANDARD,Badulla,Welimada Pradeshiya Sabha,Haldummulla Divisional Secretariat,80.8563,6.797426
OAK RESIDENCIES,"NO. 83/2/1 & 83/2/2, SARATHCHANDRA DIAS MAWATHA, PAMUNUVILA, KIRIBATHGODA",4,DELUXE,Gampaha,Gampaha,Biyagama Divisional Secretariat,79.932283,6.970955
LALITH VILLA,"35, SAMUDRADEVI MAWATHA, ETHUL KOTTE",4,DELUXE,Colombo,Kotte Muncipal Council,Colombo Divisional Secretariat,NULL,NULL
LANKA STAR BUNGALOW,"66/6, RATHNAYKE MAWATHA, PELAWATTE, BATTARAMULLA",4,DELUXE,Colombo,Kaduwela Pradeshiya Sabha,kaduwela Divisional Secretariat,79.926141,6.886401
WADDUWA BEACH VILLA,"36/17, SANATH PERERA MAWATHA, SOUTH THALPITIYA, WADDUWA",6,DELUXE,Kalutara,Panadura Pradeshiya Sabha,Panadura Divisional Secretariat,79.922982,6.670927
LOTUS CHALETS ECO HOTEL-UDAWALAWA,"PAHALA KUMBUKEWEWA, CANAL ROAD, MIGAHAJANDURA, SOORIYAWEWA",3,SUPERIOR,Hambantota,Hambantota,Sooriyawewa Divisional Secretariat,81.02264,6.365119
VILLA DE ROSHE,"60 6C, UNIQUE VIEW ROAD, NUWARA ELIYA",3,DELUXE,Nuwara Eliya,Nuwara Eliya,Nuwara Eliya Divisional Secretariat,80.762589,6.963889
CRANFORD VILLA,"542, KAHAGOLLA, DIYATHALAWA",5,DELUXE,Badulla,Haputale,Bandarawela Divisional Secretariat,NULL,NULL
THE SHADY NOOK - DIGANA,"1/149, VICTORIA RANGE, KENGALLA",4,SUPERIOR,Kandy,Kundasle,Kundasale Divisional Secretariat,80.737145,7.288235
KANDY SALUBRIOUS RESIDENCE,"13/4, DEEKIRIMADAWALA, NATTARAMPOTHA",5,DELUXE,Kandy,Kundasle,Kundasale Divisional Secretariat,NULL,NULL
HATALE BUNGALOW,"392, MAIN STREET, MATALE",5,DELUXE,Kandy,Kandy,Kandy Divisional Secretariat,80.727487,7.374981
COCO VILLE,"WATERVILLE ESTATE, KUMBURUMULA ROAD, KALKUDA",3,DELUXE,Batticaloa,Batticaloa,Batticaloa Divisional Secretariat,81.565127,7.910318
KANDY HILLS BUNGALOW,"96/1, PUNCHI BOGAPITIYA, DUMARA MAWATHA, BALAGOLA",2,DELUXE,Kandy,Kandy,Kandy Divisional Secretariat,NULL,NULL
ESCONDITE,"17/2, SUDHARMAN MAWATHA, RAJAMAHA VIHARA ROAD, PITA-KOTTE",5,DELUXE,Colombo,Colombo,Battaramulla,79.913016,6.881239
LAKE VIEW VILLA,"LAKE VIEW VILLA, KATHALUWA, AHANGAMA.",4,DELUXE,Galle,Habaraduwa,Habaraduwa Divisional Secretariat,80.346964,5.993668
HALA HOUSE COLOMBO,"NO 7, KOTHALAWALA GARDENS, COLOMBO 4",9,DELUXE,Colombo,Colombo,Thimbirigasyaya Divisional Secretariat,NULL,NULL
ELEPHANT REACH VILLA,"NO 686, KEGALLE - RAMBUKKANA ROAD, PINNAWALA",4,SUPERIOR,Kegalle,Rambukkana Pradeshiya Sabha,Rambukkana Divisional Secretariat,80.386898,7.304627
FIELD GARDEN,"NO 183/1, STATION MAWATHA, MAHARAGAMA",4,SUPERIOR,Colombo,Maharagama,Maharagama Divisional Secretariat,NULL,NULL
ZODA BOLGODA,"WADAKKARA KOTUWA, MEDAGAMA, BANDARAGAMA",3,SUPERIOR,Kalutara,Bandaragama Pradeshiya Sabha,Bandaragama Divisional Secretariat,NULL,NULL
ANCOOMBRA HOLIDAY BUNGALOW,"392, MAIN STREET, MATALE",4,DELUXE,Kandy,Kandy,Poojapitiya Divisional Secretariat,NULL,NULL
LIGHT HOUSE PROPERTY,"48, LIGHT HOUSE STREET, FORT, GALLE",4,DELUXE,Galle,Galle,Galle Divisional Secretariat,NULL,NULL
AMBALAMA VILLA,"596, MATARA ROAD, DALAWELLA, UNAWATUNA",4,DELUXE,Galle,Habaraduwa,Habaraduwa Divisional Secretariat,80.260597,6.00147
SATIN SANDS LANKA,"796, MATARA ROAD, MIHIRIPANNA, THALPE",4,DELUXE,Galle,Habaraduwa,Habaraduwa Divisional Secretariat,NULL,NULL
HERITAGE BUNGALOW (PVT) LTD,"NO 59, MIRISWATTE, PUWAKPITIYA",3,SUPERIOR,Colombo,Seethawaka Pradeshiya Sabha,Seethawaka Divisional Secretariat,NULL,NULL
SHADY GROVE TOURIST BUNGALOW,"7, GANTHERA MAWATHA, WATAPULAWA, KANDY",4,SUPERIOR,Kandy,Kandy,Kandy Divisional Secretariat,80.6434,7.321631
VILLA PANORAMA,"429/5, SARASAVIGAMA ROAD, MAHAKANDA, HINDAGALA",6,DELUXE,Kandy,Gagawata Koralya,Kandy Divisional Secretariat,80.610235,7.224908
DIYAGAL VILLA,"42, PITAWALA ROAD, HIRIWADUNNA, PINNAWALA, RAMBUKKANA",4,SUPERIOR,Kegalle,Kegalle,Rambukkana Divisional Secretariat,80.387853,7.288899
KADUGANNAWA REACH,"YATANTALE, UDAMULLA",7,STANDARD,Kegalle,Kegalle,Mawanella Divisional Secretariat,NULL,NULL
COLOMBO VILLA,"16/6, CAMBRIDGE PLACE, COLOMBO 7",4,DELUXE,Colombo,Colombo,Colombo Divisional Secretariat,79.860018,6.907345
THE WIND,"16.B, ANDIYAMBALAMA",1,STANDARD,Gampaha,Gampaha,Katana Divisional Secretariat,NULL,NULL
LODGE 19,"NO 19, AVE MARIA ROAD, NEGOMBO",6,DELUXE,Gampaha,Negombo,Negombo Divisional Secretariat,79.843006,7.214054
VILLA MAGGONA,"82/2, GALLE ROAD, MAGGONA",4,DELUXE,Kalutara,Kalutara Pradeshiya Sabha,Kalutara Divisional Secretariat,NULL,NULL
ALLSPICE VILLA,"730A, KOTTE ROAD, ETHUL KOTTE",4,DELUXE,Colombo,Sri Jayawardenapura-Kotte,Sri jayawadanapura,79.905837,6.895521
NEW OLD DUTCH HOUSE,"NO 21, MIDDLE STREET, FORT, GALLE",6,STANDARD,Galle,Galle,Galle Divisional Secretariat,80.21553,6.028071
THE PRIVACY ECO LODGE,"394, AKURALA, KAHAWA",3,STANDARD,Galle,Hikkaduwa,Hikkaduwa Divisional Secretariat,NULL,NULL
KIRCHHAYN BUNGALOW,"KIRCHHAYN BUNGALOW, AISLABY FARM & ESTATE, BANDARAWELA",5,DELUXE,Badulla,Bandarawela Pradeshiya Sabha,Bandarawela Divisional Secretariat,80.98351,6.864006
VILLA 4 U,"VILLA 4 U"", SHRAMADHANA MAWATHA, KALUWAMODARA, ALUTHGAMA",4,DELUXE,Kalutara,Beruwala Pradeshiya Sabha,Beruwala Divisional Secretariat,79.997339,6.444442
ECO JUNGLE HIDEOUT,"ECO JUNGLE HIDEOUT, BERAGAMA, MAKADURA, MULATIANA",4,SUPERIOR,Matara,Mulatiyana Pradeshiya Sabha,Mulatiyana Divisional Secretariat,80.566296,6.162424
GROVE SRI LANKA,"DIAS WATTE, ATTAVILLU, PALAVIA, PUTTALAM",2,DELUXE,Puttalam,Puttalam Pradeshiya Sabha,Puttalam Divisional Secretariat,79.843058,7.979181
JASMIN VILLA,"JASMIN VILLA, DAMBULLA ROAD, HABARANA",3,SUPERIOR,Anuradhapura,Anuradhapura,Palugaswewa,NULL,NULL
COCO PALMS,"COCO PALMS, YAKKALA ESTATE, TANK ROAD, IBBAGAMUWA",3,SUPERIOR,Kurunegala,Ibbagamuwa Pradeshiya Sabha,Ibbagamuwa Divisional Secretariat,NULL,NULL
SEVENAGAMA,"SEVANAGAMA ROAD, OFF TRINCO ROAD, HABARANA",4,SUPERIOR,Anuradhapura,Palugaswewa,Palugaswewa,80.75421,8.049015
KUMBUKGAS MANKADA-SIGIRIYA,"KUMBUKGAS MANKADA, AUDANGAWA, SIGIRIYA",3,SUPERIOR,Matale,Dambulla Pradeshiya Sabha,Dambulla Divisional Secretariat,80.743527,8.000215
VILLA 29 RATHNAGIRI,"NO. 29, RATNAGIRI, AKURALA,KAHAWA.",4,STANDARD,Galle,Hikkaduwa,Hikkaduwa Divisional Secretariat,NULL,NULL
DUTCH HOUSE,"DUTCH HOUSE, ""SAGALA"",POONAGALA ROAD, BANDARAWELA",2,DELUXE,Badulla,Bandarawela Pradeshiya Sabha,Bandarawela Divisional Secretariat,80.998309,6.824441
WHITE HOUSE-AMPARA,"NO 229, NEW TOWN, AMPARA",5,SUPERIOR,Ampara,Ampara,Ampara Divisional Secretariat,81.685484,7.299177
GOLDEN NEST VILLA,"NO 50 A, THAPODARAMA TEMPLE ROAD, HANTANA, KANDY",5,DELUXE,Kandy,Gagawata Koralya,Kandy Divisional Secretariat,NULL,NULL
15 L M D,"NO 87, LADY MANNING DRIVE , BATTICALOA",4,STANDARD,Batticaloa,Batticaloa,Batticaloa Divisional Secretariat,NULL,NULL
THE SANCTUARY BOUTIQUE BUNGALOW,"NO 29 ""DUMIDU SEVANA"", DEVI ROAD, WATAPULUWA, KANDY.",4,DELUXE,Kandy,Kandy,Kandy Divisional Secretariat,NULL,NULL
KIZUNA HOUSE,"MEEGAHAPALLASSA JUNCTION, MEEGAHAPALLASSA, WELIPANNAGAHAMULLA",4,DELUXE,Kurunegala,Udubaddawa Pradeshiya Sabha,Udubaddawa Divisional Secretariat,79.942617,7.446826
SUPUN VILLA,"SUPUN VILLA, PITARAMA, BENTOTA",5,DELUXE,Galle,Bentota Pradeshiya Sabha,Benthota Divisional Secretariat,79.998279,6.42059
FERNCLIFF BOUTIQUE BUNGALOW,"NO 7/10,WEDDER BURN ROAD,NUWARA ELIYA",4,DELUXE,Nuwara Eliya,Nuwara Eliya,Nuwara Eliya Divisional Secretariat,80.76969,6.971091
THE FICUS GROVE,"ANURADHAPURA ROAD,HABARANA",5,DELUXE,Anuradhapura,Pathahewaheta,Palugaswewa,80.745094,8.044281
COCOWORLD BUNGALOW,"MALIGAWA ESTATE,RANAWIRU SIRI NANDANA MAWATHA,HAMMALIYA,BANDARA KOSWATTA",2,SUPERIOR,Kurunegala,Panduwasnuwara Pradeshiya Sabha,Wariyapola Divisional Secretariat,NULL,NULL
VILLA CAPERS,"26,CHANDRALEKHA MAWATHA, COLOMBO 08",5,DELUXE,Colombo,Colombo,Colombo Divisional Secretariat,79.883241,6.915085
TAPPERS VILLAGE ESTATE BANGALOW,"JAYASUNDARAKELE, EPITAWALA WATTE, EPITAWALA, KIRIELLA",4,DELUXE,Ratnapura,Kuruwita Pradeshiya Sabha,Kiriella Divisional Secretariat,80.244119,6.743342
LAVONRICH BUNGLOW,"NO:154,MEEGOLLA WATTA,NALANDA",3,SUPERIOR,Matale,Matale,Naula Divisional Secretariat,NULL,NULL
MARLEY'S BEACH HOUSE,"MATARA ROAD, MIHIRIPANNA, THALPE, GALLE",2,DELUXE,Galle,Galle,Galle Divisional Secretariat,NULL,NULL
WAVES,"TURTLE REACH, KAPUHENWALA ROAD, MARAKOLLIYA, TANGALLE",4,DELUXE,Hambantota,Tangalle Pradeshiya Sabha,Tangalle Divisional Secretariat,NULL,NULL
NISELRO HOLIDAY VILLA,"NO. 915A/11, PALLAKELE VILLAGE, KUNDASALE, KANDY",4,DELUXE,Kandy,Kundasle,Kundasale Divisional Secretariat,NULL,NULL
KANDY COTTAGE,"NO. 160, LADY GORDON DRIVE, KANDY",3,SUPERIOR,Kandy,Kandy,Kandy Divisional Secretariat,80.639766,7.301451
AKKARA DAHAYA,"VICTORS LAND, KIRIWELDOLA RD, BATAYAYA, DENIYAYA",3,DELUXE,Matara,Matara,Matara Divisional Secretariat,80.545213,6.358469
VILLA TARA,"SARATH GUNAWARDANA MAWATHA, WAULUGODA, 2ND CROSS STREET, HIKKADUWA, SRI LANKA",5,DELUXE,Galle,Galle,Galle Divisional Secretariat,80.102254,6.135854
NATURES BLISS HOLIDAYS,"112/6, HETTIYAWATTA, ELAPITIWALA, RAGAMA",3,SUPERIOR,Gampaha,Wattala Pradeshiya Sabha,Wattala Divisional Secretariat,79.90494,7.01558
MOUNT VIEW BUNGLOW,"58/A,INDIGAHAGODALLA,AKURESSA ROAD,YAKKALAMULLA.",2,SUPERIOR,Galle,Galle,Yakkalamulla Divisional Secretariat,NULL,NULL
THE COVE,193 PORUTOTA ROAD KOCHCHIKADE,3,DELUXE,Gampaha,Negombo,Gampaha Divisional Secretariat,79.842018,7.250783
GALLE HILL TOP,"PALAGALAGODAKANDA, NAVINNA, ULUVITIKE (GALLE)",5,SUPERIOR,Galle,Bope,Thumpane Divisional Secretariat,80.209678,6.06871
25 RAMPART STREET,"NO.25, RAMPART STRET, FORT, GALLE.",4,DELUXE,Galle,Galle,Galle Divisional Secretariat,NULL,NULL
SERENDIVA,"39,RANTHOTUWILA ROAD,HABURUGALA,BENTOTA.",4,DELUXE,Galle,Bentota Pradeshiya Sabha,Benthota Divisional Secretariat,NULL,NULL
DIAMOND HILLS VILLA,"BOGAHAMULA HENA, THAMBILIDENIYA, MAHAWELA",3,DELUXE,Matale,Matale,Pallepola Divisional Secretariat,NULL,NULL
PALM HEAVEN,"STADIUM ROAD, ULHITIYAWA, WENNAPPUWA.",3,DELUXE,Puttalam,Negombo,Negombo Divisional Secretariat,NULL,NULL
VILLA ALICE AND FRIENDS,"NO.110C, HANATHOTUPOLA ROAD, NAINAMADAMA (EAST)",4,DELUXE,Gampaha,Negombo,Negombo Divisional Secretariat,79.840965,7.31502
DIYANILLAKELLE ESTATE BUNGALOW,"DIYANILLAKELLE ESTATE BUNGALOW, DIYANILLAKELLE ESTATE,LINDULA.",5,DELUXE,Nuwara Eliya,Nuwara Eliya,Nuwara Eliya Divisional Secretariat,80.669435,6.903036
BURTHARS BUNGALOW,"226/1,MOONPLAINS MAHAGASTOTA,NUWARA ELIYA",3,SUPERIOR,Nuwara Eliya,Nuwara Eliya,Nuwara Eliya Divisional Secretariat,NULL,NULL
THE VILLA,"NO.49/37, NAGAHAMULLA ROAD, PELAWATTE, BATTARAMULLA.",4,DELUXE,Colombo,Colombo,Battaramulla,NULL,NULL
SAYORISATHURU VILLA.,NO 285/9 SOMAHIMI MAWATHA KOTHALAWALA KADUWELA.,4,STANDARD,Colombo,Kaduwela Pradeshiya Sabha,kaduwela Divisional Secretariat,NULL,NULL
VILLA GLENLOCH,"48,GLENLOCH ESTATE,KATUKITULA.",5,DELUXE,Nuwara Eliya,Nuwara Eliya,Kothmale Divisional Secretariat,80.680021,7.078737
THE SAFFRON HOUSE,"WETAKEIYAGAHAHENA, PEHEMBIYA, DICKWELLA.",4,DELUXE,Matara,Dickwella,Dickwella Divisional Secretariat,80.704002,5.959839
STAY KANDY,"NO.79/63P, DODANWALA PASSAGE, KANDY.",4,SUPERIOR,Kandy,Kandy,Kandy Divisional Secretariat,NULL,NULL
VILLA 17,"17TH MILE POST, KALPITIYA ROAD, KANDAKUDAWA.",3,SUPERIOR,Puttalam,Kalpitiya Pradeshiya Sabha,Kalpitiya Divisional Secretariat,NULL,NULL
POINTE SUD,"MADIHA,KAMBURUGAMUWA,GODAKANDA,MATARA.",5,DELUXE,Matara,Matara,Matara Divisional Secretariat,NULL,NULL
SAMAUYANA HOLIDAY BUNGALOW,"KADUGANNAWA ROAD, BOWALA, GAMPOLA.",5,DELUXE,Kandy,Gampola,Gampola Divisional Secretariat,80.562739,7.251451
THE GREENDALE-WATAWALA,"63RD MILE POST, WATAWALA TEA ESTATE, AVISSAWELLA-HATTON RD, WATAWALA.",3,STANDARD,Nuwara Eliya,Ambagamuwa Pradeshiya Sabha,Ambagamuwa Divisional Secretariat,80.545954,6.934554
RAJA HOUSE,"39A, 39A/1, RAJASINGHE ROAD, COLOMBO 06.",4,DELUXE,Colombo,Colombo,Colombo Divisional Secretariat,79.859458,6.868215
HAVELOCK SANCTUARY,"425/15, HAVELOCK ROAD, COLOMBO 06.",3,DELUXE,Colombo,Colombo,Thimbirigasyaya Divisional Secretariat,79.868829,6.879174
BASILEA GUEST,"282/5, DIYARILLA ROAD, MORAGALLA, BERUWALA",6,SUPERIOR,Kalutara,Beruwala Pradeshiya Sabha,Beruwala Divisional Secretariat,79.986403,6.454283
STUART HOUSE,"NO.08, MIHINDU MAWATHA, TANGALLE.",3,DELUXE,Hambantota,Tangalle Pradeshiya Sabha,Tangalle Divisional Secretariat,NULL,NULL
PARADISE COVE,"PARADISE COVE, HANWELLA, NILWELLA ROAD, DICKWELLA.",5,SUPERIOR,Matara,Dickwella,Dickwella Divisional Secretariat,NULL,NULL
THIRASARA HOLIDAY RESORT,"NO.279, MAHASENPURA, TISSAMAHARAMAYA.",5,SUPERIOR,Hambantota,Thissamaharama,Thissamaharama Divisional Secretariat,81.299168,6.297342
ADS BUNGALOW,"NO.156/14, 2ND STAGE, ANDAGALA ESTATE, BAMUNUGEDARA, KURUNEGALA.",5,SUPERIOR,Kurunegala,Kurunegala,Kurunegala Divisional Secretariat,80.371217,7.504404
RIVERPOOL HOLIDAY BUNGALOW,"NO.01, BARANDA COLONY, KATABOOLA-NAWALAPITIYA.",4,STANDARD,Kandy,Pasbage Korale Pradeshiya Sabha,Pasbage Korale Divisional Secretariat,80.584803,7.014959
218 HOLIDAY RESORT,218-KETAWALA-LEWLA(VIA KANDY),3,STANDARD,Kandy,Kandy,Gagawata,80.67853,7.258813
VILLA AMORE MIO BEACH,"GALLE ROAD,HABAKKALA,MAHA INDURUWA,80510",6,SUPERIOR,Galle,Bentota Pradeshiya Sabha,Benthota Divisional Secretariat,80.012281,6.365953
I.J. LAKE VIEW HOLIDAY BUNGALOW,"NO.66A, BONAVISTA ROAD, NUWARAELIYA.",3,SUPERIOR,Nuwara Eliya,Nuwara Eliya,Nuwara Eliya Divisional Secretariat,80.774988,6.955038
SNOWDROP,"NO.77,ST-JOSEPH MAWATHA,ETTUKALA,NEGOMBO.",5,SUPERIOR,Gampaha,Negombo,Negombo Divisional Secretariat,79.844519,7.241739
SAGALA,"386/1 GALLE ROAD, KALUTHARA NORTH",3,DELUXE,Kalutara,Kalutara Pradeshiya Sabha,Kalutara Divisional Secretariat,NULL,NULL
STRATHDON BUNGALOW,"STRATHDON ESTATE, (HATTON-AWISSAWELLA ROAD), HATTON.",4,DELUXE,Nuwara Eliya,Hatton-Dickoya,Ambagamuwa Divisional Secretariat,NULL,NULL
SRI BEACH,"BEACH ROAD, MUDUKATUWA NORTH, MARAWILA.",4,SUPERIOR,Puttalam,Nattandiya Pradeshiya Sabha,Nattandiya Divisional Secretariat,79.818184,7.407049
SAMUDRA VILLA,"TALIMUDDARA GEWATTA,MATARA ROAD,TALPE.",2,DELUXE,Galle,Habaraduwa,Habaraduwa Divisional Secretariat,NULL,NULL
AQUA BEACH,"GURUPOKUNA, HUNGAMA.",4,SUPERIOR,Hambantota,Tangalle Pradeshiya Sabha,Tangalle Divisional Secretariat,NULL,NULL
ROYAL GUEST HOUSE,"351/8/A, RANKOTHVEHERA ROAD, NISSHANKAMALLAPURA, POLONNARUWA.",4,STANDARD,Polonnaruwa,Polonnaruwa,Thamankaduwa Divisional Secretariat,NULL,NULL
GALAHA TEA BUNGALOW,"GALAHA ESTATE BIG BUNGALOW,MORAGOLLA ROAD,GALAHA.",4,DELUXE,Kandy,Kandy,Delthota Divisional Secretariat,80.663933,7.203967
SANCTUARY,"VICTORIA GOLF COURSE,RAJAWELLA,DIGANA,KANDY.",4,DELUXE,Kandy,Kandy,Medadumbara Divisional Secretariat,NULL,NULL
THE STREAM,"PAHIYAN VALLEY,NIGGAHA,BULATHSINHALA.",3,DELUXE,Kalutara,Bulathsinhala Pradeshiya Sabha,Bulathsinhala Divisional Secretariat,NULL,NULL
VILLA ATULYA,"MUHUDU MAWATHA, WELIKADE, THALARAMBA, KAMBURUGAMUWA.",6,DELUXE,Matara,Weligama Pradeshiya Sabha,Weligama Divisional Secretariat,80.474229,5.937654
ALBANY NUWARA ELIYA,"11/4, UPPER LAKE ROAD, NUWARA ELIYA",4,DELUXE,Nuwara Eliya,Nuwara Eliya,Nuwara Eliya Divisional Secretariat,80.773455,6.969254
KING FISHER LEISURE,"MALIMIYA WATTA,YADDEHIMULLA ROAD,UNAWATUNA,GALLE.",4,DELUXE,Galle,Habaraduwa,Habaraduwa Divisional Secretariat,80.244339,6.008391
BENTOTA RIVER VILLA,"NO:72,MIHIRIPENNA ROAD,DHARGA TOWN - 12090",4,SUPERIOR,Kalutara,Beruwala Pradeshiya Sabha,Beruwala Divisional Secretariat,NULL,NULL
LUMBINI LAGOON.,"MIRIHANAWATHTHA,KATHALUWA.AHANGAMA.",4,DELUXE,Galle,Habaraduwa,Habaraduwa Divisional Secretariat,80.345444,5.987618
MIHIRI BEACH HOUSE,"SANUK HOLDING,MIHIRI BEACH HOUSE,MATARA ROAD,TALPE",4,DELUXE,Galle,Habaraduwa,Habaraduwa Divisional Secretariat,80.265508,5.999711
VILLA GOODWILL PARADISE,"NO:5/23 B,PINKANDA ROAD,THIRANAGAMA,HIKKADUWA",5,SUPERIOR,Galle,Hikkaduwa,Hikkaduwa Divisional Secretariat,80.115051,6.122144
BELPEAK COTTAGE,"BELPEAK COTTAGE, GALAGAMA, BELIHULOYA",2,STANDARD,Ratnapura,Ratnapura,Imbulpe Divisional Secretariat,80.768507,6.720504
SAKARA HOLIDAY BUNGALOW,"NO:55/7,RASIKA,VISHUDHARAMA MAWATHA,AHANGAMA",4,DELUXE,Galle,Habaraduwa,Galle Divisional Secretariat,80.373961,5.97099
ELYSIUM,"NO: 776/2, MATARA ROAD ,MIHIRIPENNA ,TALPE.",5,DELUXE,Galle,Habaraduwa,Habaraduwa Divisional Secretariat,80.270811,5.998461
FAR HORIZONS VILLA,"FAR HORIZONS VILLA, UNAWATUNA KANDA, UNAWATUNA, GALLE",5,DELUXE,Galle,Habaraduwa,Habaraduwa Divisional Secretariat,NULL,NULL
RAN DALU UYANA,"NO.370/8, COLOMBO ROAD, GORAKANA, KESELWATTA, MORATUWA",2,SUPERIOR,Kalutara,Moratuwa,Panadura Divisional Secretariat,NULL,NULL
RIVERINE COUNTRY HOUSE,"NO: 393 ,DUTUGEMUNU MAWATHE , MARWILMADU,KANDY",5,DELUXE,Kandy,Kandy,Kandy Divisional Secretariat,NULL,NULL
KANDA HOLIDAY BUNGALOW,"NO.104, PARADISE PARK, HANTANA, KANDY",3,SUPERIOR,Kandy,Gagawata Koralya,Gagawata,80.63132,7.279461
VILLA SAFIRA AYURVEDA RESIDENCE,"YALEGAMA, MIRISWATTE ROAD, GONAGALA, INDURUWA",4,DELUXE,Galle,Bentota Pradeshiya Sabha,Benthota Divisional Secretariat,NULL,NULL
PARADISE COTTAGE FINN BUNGALOWS,"NO.195 B/1, MEEWALADENIYA, HANDESSA",3,SUPERIOR,Kandy,Kandy,Ratmalana Divisional Secretariat,NULL,NULL
FIELD VILLA,"FIELD VIEW, KALAHE, WANCHAWELA, GALLE",4,DELUXE,Galle,Akmeemana,Akmeemana Divisional Secretariat,NULL,NULL
YALEGODA WALAUWA,"YALEGODA ESTATE, HANDESSA VIA PERADENIYA",4,DELUXE,Kandy,Udunuwara Pradeshiya Sabha,Udunuwara Divisional Secretariat,80.588479,7.24078
BAY BEACH BUNGALOW,"BAY BEACH HOTEL,GANDHI NAGAR,KUMBURUPITIYA,NILAVELI,TRINCOMALEE",5,SUPERIOR,Trincomalee,Kuchchaveli,Kuchchaveli Divisional Secretariat,81.172867,8.731013
RANMIN BELLAIR BUNGALOW,"BELLAIR ESTATE,PUWAKPITIYA",5,DELUXE,Colombo,Seethawaka Pradeshiya Sabha,Hanwella,NULL,NULL
OCEAN CREST,"NO:123,GALLE ROAD,AHANGAMA.",8,DELUXE,Galle,Habaraduwa,Habaraduwa Divisional Secretariat,80.354672,5.975647
THE TEAK SHADE,"NO 200/19 MEEWALADENIYA, HANDESSA,GELI OYA, KANDY",2,DELUXE,Kandy,Kandy,Udunuwara Divisional Secretariat,NULL,NULL
NISALA VILLA,"108/6, HAPUGODA, AMBATENNA",3,DELUXE,Kandy,Harispattuwa Pradeshiya Sabha,Harispattuwa Divisional Secretariat,80.608337,7.349201
ECO LANKA VILLA,"MAUSSAWA ESTATE, HALPOLA, PUUDALUOYA",8,STANDARD,Nuwara Eliya,Nuwara Eliya,Kothmale Divisional Secretariat,80.64202,7.019245
SERENE HOLIDAY BANGALOW,"NO 17A, PIRIS WEDA MAWATHA, KALUWADUMULLA, AMBALANGODA",3,DELUXE,Galle,Ambalangoda,Ambalangoda Divisional Secretariat,NULL,NULL
THE COVE PASSIKUDAH,"NASSIVANTHWU, OFF WALACHCHENAI",4,DELUXE,Batticaloa,Batticaloa,Batticaloa Divisional Secretariat,81.539806,7.934389
CASA MIJA,"N0 37,GALLE ROAD,KAMBURUGAMUWA",5,DELUXE,Matara,Weligama Pradeshiya Sabha,Welimada Divisional Secretariat,80.618416,7.254844
THE FERN COVE VILLA,"465/4,LAKE ROAD,AKUREGODA,BATTARAMULLA.",5,DELUXE,Colombo,Kaduwela Pradeshiya Sabha,kaduwela Divisional Secretariat,NULL,NULL
LIYON REST,"4TH MAIL POST, SIGIRIYA",4,STANDARD,Matale,Matale,Dambulla Divisional Secretariat,NULL,NULL
THUSARE TALKING HANDS,"NO 103/12, DHARMAPALA MAWATHA, COLOMBO 07",2,DELUXE,Colombo,Colombo,Colombo Divisional Secretariat,79.857257,6.914122
SIGIRI ACCESS VILLA,"NO 90, SIGIRI ROAD, INAMALUWA",5,SUPERIOR,Matale,Dambulla Pradeshiya Sabha,Dambulla Divisional Secretariat,NULL,NULL
LAKMINI,"KAYANWALA, SIGIRIYA",5,STANDARD,Matale,Dambulla Pradeshiya Sabha,Dambulla Divisional Secretariat,NULL,NULL
SUNSHINE RESORTS,"NO 78, KOVIL ROAD,MASKELIYA.",4,STANDARD,Nuwara Eliya,Nuwara Eliya,Nuwara Eliya Divisional Secretariat,80.571781,6.831458
42 LIGHT HOUSE STREET,"42, LIGHTHOUSE STREET, GALLE",4,DELUXE,Galle,Galle,Galle Divisional Secretariat,80.216417,6.027748
SAL ROCK FALLS,"376/5, ARANYA ROAD, SPRING HILL ESTATE, BOWALAWATTE, KANDY",4,SUPERIOR,Kandy,Gagawata Koralya,Kandy Divisional Secretariat,NULL,NULL
MOUNTAIN ROCK HOLIDAY RESORT,"NO.202/3,BOWELAWATTA,KANDY",2,SUPERIOR,Kandy,Gagawata Koralya,Kandy Divisional Secretariat,80.617917,7.260512
SUNTOP INN,"NO 18,POLICE ROAD,ELLA",4,STANDARD,Badulla,Ella Pradeshiya Sabha,Ella Divisional Secretariat,NULL,NULL
FREEDOM GUEST INN,"132/1,SAPUMALTHANNA,PASSARA ROAD,ELLA",4,STANDARD,Badulla,Ella Pradeshiya Sabha,Ella Divisional Secretariat,NULL,NULL
ROCK VIEW,"ROCK VIEW GUEST HOUSE,ELLA",5,STANDARD,Badulla,Ella Pradeshiya Sabha,Ella Divisional Secretariat,NULL,NULL
SANROCK,"NO 9, RATHNAGIRI WATTA, ELLA",3,STANDARD,Badulla,Ella Pradeshiya Sabha,Ella Divisional Secretariat,NULL,NULL
BACK OF BEYOND PIDURANGALA,"KURULU UYANA, TEMPLE ROAD, PIDURANGALA, SIGIRIYA",4,SUPERIOR,Matale,Dambulla Pradeshiya Sabha,Dambulla Divisional Secretariat,80.763529,7.969325
BACK OF BEYOND DEHIGAHA ELA,"ALAKOLAWEWA, DEHIGAHA ELA, SIGIRIYA",4,DELUXE,Matale,Dambulla Pradeshiya Sabha,Dambulla Divisional Secretariat,80.787916,7.914324
THE NEW LAND GUEST,"283,MAIN ROAD,KALKUDAH.",8,STANDARD,Batticaloa,Koralai Pattu,Koralai Pattu Divisional Secretariat,81.553927,7.897904
KANDANA REST,"117/A/4(27), DE MAZENOD COLLEGE ROAD, HAPUGODA, KANDANA",2,STANDARD,Gampaha,Ja-Ela Pradeshiya Sabha,Ja-Ela Divisional Secretariat,NULL,NULL
SIMLA INN,"PASSIKUDAH ROAD, KALKUDAH",8,STANDARD,Batticaloa,Batticaloa,Valaichchenai Divisional Secretariat,81.554464,7.920843
NEW REST INN,"PASSIKUDAH ROAD, KALKUDAH",4,STANDARD,Batticaloa,Batticaloa,Valaichchenai Divisional Secretariat,NULL,NULL
WHITE HOUSE FAMILY STAY,"GREEN VILLAGE, WELAGANE, MASPOTHA,KURUNEGALA",3,DELUXE,Kurunegala,Kurunegala,Maspotha Divisional Secretariat,NULL,NULL
BLUE WATER VILLA,"318, DAMPE ROAD, PILIYANDALA",5,DELUXE,Colombo,Kesbewa,Kesbewa Divisional Secretariat,79.913509,6.785133
TROPICAL RETREAT,"NO 182, HEENATIGALA ROAD, UNAWATUNA, GALLE",5,DELUXE,Galle,Akmeemana,Akmeemana Divisional Secretariat,80.254688,6.020797
UVA BEN HEAD PLANTATION (LOWER) BUNGALOW,"UVA BEN HEAD ESTATE, WELIMADA",4,DELUXE,Badulla,Welimada Pradeshiya Sabha,Welimada Divisional Secretariat,NULL,NULL
PLANTERS BUNGALOW,"10 MILE POST, UVA- KARADAGOLLA, ELLA",6,DELUXE,Badulla,Ella Pradeshiya Sabha,Ella Divisional Secretariat,81.07644,6.831055
AMBASEWANA MANSION,"NO 05, THOTAMUNA ROAD, THOTAMUNA, MATARA",4,DELUXE,Matara,Matara,Matara Divisional Secretariat,80.541717,5.944455
SCOTTISH PLANTER GLENDEVON BUNGALOW,"RAGALA, HALGRAN OYA",4,DELUXE,Nuwara Eliya,Nuwara Eliya,Walapane Divisional Secretariat,NULL,NULL
LESPRI GRAND,"35, KIMBULAPITIYA ROAD, THELWATHTHA JUNCTION, NEGOMBO",8,DELUXE,Gampaha,Negombo,Negombo Divisional Secretariat,NULL,NULL
THE FERN COVE,"270/4, MEEPILIMANA, NUWARAELIYA",4,SUPERIOR,Nuwara Eliya,Nuwara Eliya,Nuwara Eliya Divisional Secretariat,NULL,NULL
GREEN VIEW GUEST,"GREEN VIEW GUEST,ELLA.",6,STANDARD,Badulla,Bandarawela Pradeshiya Sabha,Ella Divisional Secretariat,NULL,NULL
BUNGALOW 1926,"NO.20, CROSS STREET, NUWARA ELIYA",3,DELUXE,Nuwara Eliya,Nuwara Eliya,Nuwara Eliya Divisional Secretariat,80.76542,6.977103
P.G.C. RESIDENCE,"271, ELAGOLLA WATTA, HEERASSAGALA, KANDY",5,DELUXE,Kandy,Gagawata Koralya,Gagawata,80.619967,7.268558
SUBASHRI,"SUBASHRI, QUAILS RIDGE, VICTORIA GOLF & COUNTRY RESORT, DIGANA, KANDY",4,DELUXE,Kandy,Kandy,Kandy Divisional Secretariat,80.765034,7.267648
BELLA CASA,"9/2, 4TH LANE, RATMALANA",3,STANDARD,Colombo,Dehiwala-Mount Lavinia,Ratmalana Divisional Secretariat,79.878536,6.817599
ELADETTA WALAUWA,"ELADETTA ESTATE, HANDESSA, KANDY",5,DELUXE,Kandy,Udunuwara Pradeshiya Sabha,Kandy Divisional Secretariat,80.578203,7.21801
RIVER EDGE BUNGALOW,"WARAPITIYA ROAD,KATUDENIYA,MATALE",3,SUPERIOR,Matale,Matale,Rattota Divisional Secretariat,80.644202,7.430442
VISAL BUNGALOWS,"1/116, LAKE SIDE AVENUE, VICTORIYA RANGE, KENGALLA",3,SUPERIOR,Kandy,Kandy,Kandy Divisional Secretariat,NULL,NULL
VISAL BUNGALOWS,"2/259, LOTUS AVENUE, VICTORIA RANGE, KENGALLA",3,SUPERIOR,Kandy,Kandy,Kandy Divisional Secretariat,80.729544,7.287538
N AND N VILLA,"246, LOTUS VICTORIA AVENUE, KENGALLA",3,SUPERIOR,Kandy,Kandy,Kandy Divisional Secretariat,NULL,NULL
ROBERT RESIDENCE,"NO. 12/7, ROBERT GUNAWARDENA MAWATHA, COLOMBO 06",3,SUPERIOR,Colombo,Colombo,Thimbirigasyaya Divisional Secretariat,79.876095,6.877735
CASSIA HILL,"WERAHERAWATTA,MEEPE,HABARADUWA,GALLE.",4,DELUXE,Galle,Habaraduwa,Habaraduwa Divisional Secretariat,80.289822,6.018153
GIRIULLA MAOYA ELEPHANT VILLA,"UDARA STATE, MASNORUWA, GIRIULLA",3,SUPERIOR,Kurunegala,Kurunegala,Kurunegala Divisional Secretariat,80.150604,7.192303
DEEP BLUE,"39/3, POLHENA ROAD, POLHENA, MATARA",5,SUPERIOR,Matara,Matara,Matara Divisional Secretariat,80.525786,5.940061
RIVERS EDGE,"NO:11, PANAPITIYA, KARANDENIYA",3,SUPERIOR,Galle,MC,Karandeniya Divisional Secretariat,NULL,NULL
EAGAL'S NEST,"BUONA VISTA, UNAWATUNA, GALLE",4,SUPERIOR,Galle,Habaraduwa,Habaraduwa Divisional Secretariat,80.241193,6.021211
BENI BEACH RESORT,"NO.5/8A,8TH CROSS, THIRUCHENTHUR ROAD,KALLADY,BATTICALOA.",4,STANDARD,Batticaloa,Batticaloa,Batticaloa Divisional Secretariat,81.713547,7.721915
OLIVE GREEN RESORT,"NO.96,NEW DUTCH BAR ROAD,KALLADY,BATTICALOA.",4,STANDARD,Batticaloa,Batticaloa,Batticaloa Divisional Secretariat,81.712474,7.723162
BONGO STAY,"11, BOYD PLACE, COLOMBO 03",5,DELUXE,Colombo,Colombo,Colombo Divisional Secretariat,79.85455,6.913767
CHAMELIA,"WATTAHERIYA WATTA,BALLAKETUWA ROAD,ELLA",5,SUPERIOR,Badulla,Ella Pradeshiya Sabha,Ella Divisional Secretariat,NULL,NULL
LA- MONTANA RESORT,"""DISNA""KITHAL-ELLA,ELLA",3,SUPERIOR,Badulla,Ella Pradeshiya Sabha,Ella Divisional Secretariat,NULL,NULL
VILLA RAHA,"33, MCLEOD ROAD, BAMBALAPITIYA, COLOMBO 04",7,DELUXE,Colombo,Colombo,Colombo Divisional Secretariat,79.860711,6.884798
ANYAA LIFESTYLE,"HELENA MAWATHA, WENNAPUWA.",4,SUPERIOR,Puttalam,Wennappuwa Pradeshiya Sabha,Wennappuwa Divisional Secretariat,79.839299,7.337334
PLANTAGE,"PALLIWASAL PADUWA, KOTTANTIVE",4,STANDARD,Puttalam,Kalpitiya Pradeshiya Sabha,Mundalama Divisional Secretariat,NULL,NULL
TASKANS VILLA,"30/17,CROCKTAIN MAWATHA, HEKITHTHA, WATTALA",5,DELUXE,Gampaha,Wattala Pradeshiya Sabha,Wattala Divisional Secretariat,NULL,NULL
HOTEL SISIL THERA,"NO:558/A, D.S SENANAYAKE MAWATHA, STAGE TOWN, ANURADHAPURA",4,STANDARD,Anuradhapura,Anuradhapura,Anuradhapura East,80.396271,8.319266
VILLA VISTA,"MIHIRI KANDA WATTA, HENWALA, MIRISSA",4,DELUXE,Matara,Weligama,Weligama Divisional Secretariat,NULL,NULL
HAGGAI TOURIST BUNGALOW,"NO 20, HALGASWATTE LANE, KIRULAPONE, COLOMBO 06",5,DELUXE,Colombo,Colombo,Thimbirigasyaya Divisional Secretariat,NULL,NULL
GULANAHENA TEA ESTATE BUNGALOW,"GULANAHENA TEA ESTATE,NILGAHAHENA,THINIYAWALA",3,STANDARD,Kalutara,Palindanuwara Pradeshiya Sabha,Palindanuwara Divisional Secretariat,80.321286,6.404352
KORAGAHA LODGE,"23, KORAGAHA ULPATHA, RANAKELIYA, TISSAMAHARAMA",4,DELUXE,Hambantota,Thissamaharama,Thissamaharama Divisional Secretariat,81.332646,6.239433
THISARA HOLIDAY BUNGALOW,"NO83,CONTINENTAL RESIDENSIES,ADNEWS ROAD,PERIYAMULLA,NEGAMBO",4,DELUXE,Gampaha,Negombo,Gampaha Divisional Secretariat,NULL,NULL
KURULU ESTATE,"KURUNDU WATTHA, NAGASPOLA,RAKWANA",2,STANDARD,Ratnapura,Ratnapura,Godakawela Divisional Secretariat,80.643837,6.502264
STAFFORD BUNGALOW,"HALGRANOYA,RAGALA",4,DELUXE,Nuwara Eliya,Nuwara Eliya,Walapane Divisional Secretariat,80.857195,7.011928
SANCHAREE MOUNTAIN VIEW BUNGALOW,"SANASA HOLIDAY RESORT, NO. 495, KANDY ROAD, TOP PASS, NUWARA ELIYA",5,SUPERIOR,Nuwara Eliya,Nuwara Eliya,Nuwara Eliya Divisional Secretariat,80.748229,6.990895
NERALU UYANA VILLAS,"NERALU UYANA ESTATE, NARAWALA, THALGASYAYA, AKMEEMANA, GALLE",1,STANDARD,Galle,Akmeemana,Akmeemana Divisional Secretariat,80.243823,6.099019
VILLA SUKUM,"18, QUAILS RIDGE, VICTORIA GOLF CLUB,DIGANE",6,DELUXE,Kandy,Kandy,Kandy Divisional Secretariat,80.7742644,7.2650791
SKY TERRACE KANDY,20/4 A.B DAMUNUPOLA MAWATHA KANDY,6,DELUXE,Kandy,Kandy,Kandy Divisional Secretariat,NULL,NULL
HAWALLI VILLA,"492/2, PERADENIYA ROAD, KANDY",2,SUPERIOR,Kandy,Kandy,Kandy Divisional Secretariat,80.621635,7.282176
COZY NEST,"9, UPPER DICKSON ROAD, GALLE",2,DELUXE,Galle,Galle,Galle Divisional Secretariat,80.218819,6.038124
PITTANIYA VILLA,"37/14, DAMRUWAN MAWATHA, MIHIRIPENNA, THALPE, GALLE",3,DELUXE,Galle,Habaraduwa,Habaraduwa Divisional Secretariat,80.27095,6.001739
WELIGAMA GEDARA,"NO 5/6, BANDARANAYAKA MAWATHA, HETTIWEEDIYA, WELIGAMA",3,STANDARD,Matara,Weligama Pradeshiya Sabha,Weligama Divisional Secretariat,80.428849,5.977378
APPAS BREEZY HOME STAY,"15, PUTHU MUGATHUWARAM,BATTICALOA",2,STANDARD,Batticaloa,Batticaloa,Manmunai North Divisional Secretariat,81.67473,7.730997
HOTEL TOBIKO,"NO 24, MURUGAPURI ROAD, UPPUVELI, TRINCOMALEE",4,SUPERIOR,Trincomalee,Trincomalee,Trincomalee Divisional Secretariat,81.219524,8.601562
SAFE HEAVEN FAMILY VILLA,"29/248 SHANTHA KUMAR RANASINGHE MW, AMPITIYA RD, KANDY",3,SUPERIOR,Kandy,Kandy,Kandy Divisional Secretariat,80.651097,7.283451
SPD BUNGALOW "WATAWALA LASSANA","MISTY RANGES, HATTON ROAD, WATAWALA.",5,STANDARD,Nuwara Eliya,Ginigathhena,Ambagamuwa Divisional Secretariat,80.546785,6.9323964
VILLA KANCHANA,"WELIKADE,MUHUDU MAWATHA,THALARAMBE,KAMBURUGAMUWA,MATARA",5,DELUXE,Matara,Weligama Pradeshiya Sabha,Weligama Divisional Secretariat,80.493827,5.948646
VILLA SEVEN,"NO:07(332/1),JUBILEE LANE,WALANA,PANADURA",3,SUPERIOR,Kalutara,Panadura Pradeshiya Sabha,Panadura Divisional Secretariat,79.905723,6.730944
SERENE VILLA,"245/55 BATUGEDARA MAIN ROAD,RATNAPURA",4,SUPERIOR,Ratnapura,Ratnapura,Ratnapura Divisional Secretariat,80.417443,6.675483
SP TOURS AND REST,"NO:873, HOSPITAL ROAD, JAFFNA",5,STANDARD,Jaffna,Jaffna,Jaffna Divisional Secretariat,80.009362,9.667259
MARGOSA,"STATION ROAD, URELU NORTH, CHUNNAKAM, JAFFNA",5,DELUXE,Jaffna,Jaffna,Jaffna Divisional Secretariat,80.033083,9.746404
PERERA HOME,"133, 16TH LANE,LAKE CITY HOME, JA ELA",3,SUPERIOR,Gampaha,Gampaha,Ja-Ela Divisional Secretariat,80.031847,7.166809
RANNA HOUSE BY FOX RESORT,"NO 2 MODARA ROAD,KAHADAMODARA,RANNA,TANGALLE.",3,DELUXE,Hambantota,Tangalle Pradeshiya Sabha,Tangalle Divisional Secretariat,80.895067,6.063352
AMBANWALA TOURIST BUNGALOW,"NO 56 AMBANWALA WALAWWA,AMBANWALA,WELAMBODA",4,STANDARD,Kandy,Uhana Pradeshiya Sabha,Udunuwara Divisional Secretariat,80.544006,7.216776
SIHINAYA VILLA,"273,KAPPARATOTA ROAD, KAPPARATOTA,WELIGAMA.",4,DELUXE,Matara,Weligama Pradeshiya Sabha,Weligama Divisional Secretariat,80.41658,5.958281
RIVERSIDE SUITES,"52 DUTUGEMUNU MAWATHA, LEWELLA, KANDY",4,DELUXE,Kandy,Kandy,Kundasale Divisional Secretariat,80.651649,7.302483
SAKURA HANA,"NO/34,,PATHMINI PERIS MAWATHA,ALUTHGAMA",3,SUPERIOR,Kalutara,Beruwala Pradeshiya Sabha,Beruwala Divisional Secretariat,79.99749,6.428556
HOME FROM HOME,"NO 42/2,RUPASIRI MAWATHA,MIRIHANA NUGEGODA",3,DELUXE,Colombo,Kotte Muncipal Council,Kotte Divisional Secretariat,79.899679,6.864908
MOUNTAIN VILLA RIVERSTON,"PITAWALA,ILLUKKUMBURA,MATALE",3,DELUXE,Matale,Matale,Laggala-Pallegama Divisional Secretariat,80.753128,7.547738
KAYJAY BEACH HOUSE,"OLD PASSIKUDHA ROAD,PASSIKUDHA",6,SUPERIOR,Batticaloa,Kalkudha,Valaichchenai Divisional Secretariat,81.569541,7.919074
HEAVEN BY O,"24/4,YADDEHIMULLA ROAD, UNAWATUNA,GALLE",8,DELUXE,Galle,Habaraduwa,Habaraduwa Divisional Secretariat,80.244031,6.010155
ANGEL TOWER,"NO 78/8A ,2ND LANE, HEERASSAGALA, KANDY,HEERASSAGALA ROAD,KANDY",4,SUPERIOR,Kandy,Kandy,Kandy Divisional Secretariat,80.633726,7.290572
ROBI GARDEN VILLA,"108,KATANA ROAD,THIMBIRIGASKATUWA, NEGAMBO, SRI-LANKA",4,DELUXE,Gampaha,Kelaniya Pradeshiya Sabha,Kelaniya Divisional Secretariat,79.858999,7.228002
MADUSANKA HOLYDAY HOME,"NO 15, DIGANA, RAJAWELLA,,",8,STANDARD,Kandy,Kundasle,Kundasale Divisional Secretariat,80.735452,7.296389
PEACE HAVEN RESORTS LIMITED,"GOYAMBOKKA, TANGALLE.",3,DELUXE,Hambantota,Tangalle Pradeshiya Sabha,Tangalle Divisional Secretariat,NULL,NULL
FRENCH LOTUS,"YADDEHIMULLA ROAD,,UNAWATUNA BEACH,,GALLE.",5,DELUXE,Galle,Habaraduwa,Galle Divisional Secretariat,80.242874,6.010178
MONERATENNA,"BACK OF BEYOND,WARNAKULASURIYA MAWATHA,KAHANDAMODARA,RANNA.",7,DELUXE,Hambantota,Tangalle Pradeshiya Sabha,Tangalle Divisional Secretariat,80.891513,6.069909
JOYOUS COTTAGE,"NO:62,NEELAMMAHARA ROAD, MAHARAGAMA",6,DELUXE,Colombo,Maharagama,Maharagama Divisional Secretariat,79.926314,6.837627
POKKULUWA TEA COTTAGE,"POKKULUWA TEA COTTAGE,POKKULUWA ESTATE,HAPPAWANA WANCHAWALA 80120 GALLE",2,DELUXE,Galle,Habaraduwa,Habaraduwa Divisional Secretariat,NULL,NULL
AVI GIL VILLAS PRIVATE LIMITED,"THE NUGA HOUSE,WELI ROAD, KABALANA, AHANGAMA,GALLE",6,SUPERIOR,Galle,Habaraduwa,Habaraduwa Divisional Secretariat,NULL,NULL
TARU VILLAS-RIVER COTTAGE,"111,BENTOTA CIRCULAR ROAD, BENTOTA 80500",2,DELUXE,Galle,Bentota Pradeshiya Sabha,Benthota Divisional Secretariat,80.005979,6.418918
